1	402
1	2
2	4
2	5
3	1
4	9
4	7
5	8
5	9
6	3
6	405
7	11
8	14
8	406
9	13
9	12
10	6
10	407
11	10
11	16
12	17
13	8
13	21
14	22
14	21
15	16
15	10
16	20
16	24
17	24
17	11
18	13
19	15
20	27
21	31
21	36
22	32
22	410
23	19
23	27
24	34
24	39
25	413
25	23
26	18
26	17
27	38
27	29
28	30
28	414
28	25
29	25
29	30
30	42
30	33
31	41
32	35
33	38
33	29
34	43
35	40
35	419
36	47
36	22
37	28
37	418
38	44
38	43
39	54
39	26
40	53
40	49
41	54
41	26
42	58
43	44
43	59
44	68
44	48
45	36
46	37
47	53
47	56
48	33
48	52
49	57
50	39
51	45
51	41
52	63
53	62
54	64
54	69
55	58
55	46
56	65
57	66
57	422
58	80
58	71
59	81
59	50
60	55
61	60
62	79
63	80
64	81
65	51
65	90
66	82
67	59
67	83
68	67
68	76
69	51
69	90
70	61
70	60
71	87
72	48
72	52
73	68
73	72
74	73
74	72
75	65
76	93
77	74
78	74
79	91
79	57
80	100
80	92
81	99
81	97
82	105
82	107
83	99
84	424
84	70
85	69
86	75
86	426
87	104
87	84
88	77
89	86
89	430
90	112
90	106
91	105
92	96
92	116
93	110
94	431
95	102
95	89
96	122
96	111
97	119
97	85
98	84
99	110
100	88
100	117
101	79
101	432
102	427
103	77
103	78
103	130
104	120
105	114
105	118
106	119
106	94
107	132
108	95
108	101
109	437
110	124
111	87
111	123
112	128
112	131
113	98
113	120
114	129
114	433
115	435
115	108
116	100
117	440
117	130
118	133
118	140
119	136
119	142
120	144
120	139
121	108
121	109
122	116
123	125
123	127
124	142
124	97
125	144
126	103
127	125
128	136
129	438
129	152
130	150
130	146
131	143
131	115
132	436
132	138
133	121
133	149
134	111
134	122
135	113
136	159
137	148
138	148
138	137
139	160
140	129
141	140
142	147
142	162
143	154
144	168
144	163
145	131
146	161
147	126
147	170
148	153
149	154
150	126
150	158
151	134
152	132
153	171
154	173
154	178
155	135
155	439
156	134
156	174
157	133
157	141
158	170
159	175
159	145
160	155
160	444
161	156
162	181
163	182
164	150
165	444
166	147
167	152
167	141
168	186
168	151
169	160
169	165
170	191
170	184
171	206
171	443
171	185
172	157
173	448
173	183
174	186
175	189
175	183
176	161
176	192
177	153
177	195
178	157
178	190
179	172
179	167
180	164
180	176
181	159
181	201
182	199
182	169
183	194
184	205
185	204
186	210
186	209
187	166
187	181
188	168
189	201
190	202
190	172
191	214
191	221
192	210
193	451
194	212
195	206
195	213
196	177
197	179
197	452
198	203
198	178
199	165
200	193
200	187
201	225
202	179
203	190
204	447
204	208
205	180
205	226
206	222
206	239
207	194
208	220
208	219
209	232
210	234
210	235
211	182
211	188
212	215
212	198
213	231
214	233
215	228
215	230
216	204
216	219
217	196
217	197
218	187
219	224
220	219
221	200
221	251
222	216
222	224
223	211
224	458
224	238
225	247
225	207
226	244
227	249
227	202
228	247
229	230
229	227
230	242
230	237
231	217
232	223
232	455
233	205
233	254
234	257
235	244
235	260
236	454
236	250
237	243
237	229
238	255
239	246
239	253
240	221
240	274
241	217
242	243
242	237
243	249
244	275
244	265
245	231
245	453
246	222
247	266
248	218
249	271
250	232
251	274
251	264
252	228
252	242
253	256
254	275
255	460
255	259
256	262
257	250
258	256
258	246
259	258
259	462
259	279
260	263
261	240
261	233
262	267
262	245
263	461
264	283
265	294
265	273
266	252
266	284
267	276
268	241
269	289
270	268
270	277
271	270
272	266
272	248
273	260
273	280
274	290
275	288
275	294
276	277
276	268
277	295
277	299
278	257
279	291
280	263
280	292
281	261
282	261
283	304
283	298
284	296
285	264
286	272
287	258
287	262
288	297
288	309
289	272
290	281
290	308
291	306
291	287
292	278
293	292
294	309
294	310
295	311
296	299
296	271
297	322
297	282
298	313
299	318
299	301
300	293
301	312
301	286
302	287
303	289
304	289
305	285
305	290
306	315
307	304
307	319
308	316
308	322
309	314
310	300
311	315
311	302
312	328
312	303
313	326
313	305
314	297
315	323
315	467
316	326
317	307
318	331
319	328
319	332
320	301
321	470
321	310
322	336
322	333
323	335
323	473
324	312
325	472
325	321
326	340
327	336
327	469
328	343
328	341
329	317
329	313
330	325
330	314
331	311
331	335
332	348
333	340
333	468
334	331
334	320
335	338
335	476
336	345
337	324
337	350
338	334
338	347
339	329
340	351
340	346
341	353
341	350
342	330
342	477
343	358
344	337
344	334
345	342
346	360
347	478
347	356
348	339
348	357
349	344
349	347
350	359
350	361
351	339
352	345
353	366
354	349
355	351
356	362
356	354
357	364
358	365
358	348
359	362
359	354
360	352
361	368
362	481
362	375
363	355
364	355
364	370
365	371
366	358
366	373
367	482
367	360
368	374
368	372
369	363
369	367
370	377
371	364
371	378
372	359
373	379
374	366
374	376
375	381
375	388
376	385
377	484
377	369
378	383
379	384
379	371
380	374
380	372
381	389
381	380
382	376
382	387
383	377
384	391
385	379
385	392
386	486
386	383
387	380
388	381
389	394
390	382
390	387
391	386
392	395
393	391
393	487
394	400
395	393
396	395
397	390
398	396
398	397
399	396
399	398
400	398
400	492
401	1
403	2
404	5
408	14
409	15
411	19
412	23
416	415
417	32
420	40
421	55
423	82
425	75
428	94
429	113
434	109
441	171
442	149
445	158
446	155
449	193
450	220
450	208
456	236
457	223
459	269
463	281
464	300
465	291
466	293
471	327
474	346
475	338
479	367
480	352
483	369
485	389
488	399
489	399
490	492
491	400
1	401
2	1
5	2
8	13
8	5
13	18
14	8
18	26
22	14
26	39
32	22
35	32
39	50
40	35
49	40
50	59
52	72
57	49
59	67
66	57
67	68
68	73
72	73
73	74
74	77
77	88
82	66
88	100
100	116
102	95
107	82
109	121
109	434
116	122
122	134
129	140
132	107
134	151
138	132
140	141
141	157
141	167
148	138
149	442
151	168
153	148
155	160
157	178
160	169
168	188
169	182
171	153
178	198
182	211
185	171
188	211
192	176
193	449
193	200
198	212
204	185
208	204
210	192
211	223
213	195
214	191
220	208
223	232
228	252
230	229
231	213
232	250
233	214
234	210
242	230
243	242
249	227
250	257
254	233
256	258
256	253
257	278
257	234
260	235
262	256
263	260
267	262
269	459
274	240
275	254
276	267
277	276
278	292
281	463
289	303
289	269
292	293
293	300
294	265
294	275
300	464
300	310
303	312
309	288
309	294
310	321
310	294
312	324
314	309
321	325
324	337
325	330
330	342
332	319
336	327
337	344
342	345
345	352
346	474
348	332
350	337
352	360
353	341
355	364
357	348
360	367
361	350
364	371
364	357
366	353
367	479
367	369
368	361
369	483
369	377
370	364
371	379
372	368
373	366
374	368
376	382
376	374
377	383
377	370
379	373
379	385
382	390
383	386
384	379
385	376
386	391
387	382
388	375
389	485
391	393
391	384
392	385
393	395
395	396
395	392
396	398
398	400
400	491
405	6
406	8
418	37
426	86
427	102
430	89
433	114
437	109
438	129
439	155
443	171
448	173
451	193
452	197
453	245
461	263
462	259
468	333
470	321
473	323
477	342
478	347
484	377
487	393
1	0
2	0
